{"cameraMode":{"drawMode":0,"name":"Shaded","section":"Shading Mode"},"sceneLighting":true,"audioPlay":false,"sceneViewState":{"showFog":true,"showMaterialUpdate":false,"showSkybox":true,"showFlares":true,"showImageEffects":true,"showParticleSystems":true},"in2DMode":false,"pivot":{"x":3.1286990642547609,"y":5.986385345458984,"z":-11.94815731048584},"rotation":{"x":0.21456068754196168,"y":-0.02606566809117794,"z":0.005727865733206272,"w":0.9763897061347961},"size":5.8416595458984379,"orthographic":false}