{"cameraMode":{"drawMode":0,"name":"Shaded","section":"Shading Mode"},"sceneLighting":true,"audioPlay":false,"sceneViewState":{"showFog":true,"showMaterialUpdate":false,"showSkybox":true,"showFlares":true,"showImageEffects":true,"showParticleSystems":true},"in2DMode":false,"pivot":{"x":3.5854218006134035,"y":2.3029425144195558,"z":-5.135245323181152},"rotation":{"x":-0.02026219293475151,"y":-0.6942290663719177,"z":-0.019593892619013788,"w":0.7192619442939758},"size":5.8416595458984379,"orthographic":false}